Timestamp,Yaw_Error
0.0,-1.536714129955065
0.0,-1.536714129955065
0.2416977882385254,-4.970448269202497
0.2416977882385254,-4.970448269202497
0.5020952224731445,-7.735369954815425
0.5020952224731445,-7.735369954815425
0.5020952224731445,-7.735369954815425
0.740516185760498,-15.120149169955909
0.740516185760498,-15.120149169955909
0.9998524188995361,-25.074736874253485
0.9998524188995361,-25.074736874253485
0.9998524188995361,-25.074736874253485
1.249530553817749,-38.294509989954165
1.249530553817749,-38.294509989954165
1.504211664199829,-57.146891069856935
1.504211664199829,-57.146891069856935
1.504211664199829,-57.146891069856935
1.7336304187774658,-79.03442354920801
1.7336304187774658,-79.03442354920801
1.9852466583251953,-102.09196798714956
1.9852466583251953,-102.09196798714956
1.9852466583251953,-102.09196798714956
2.2539172172546387,-123.66623057013956
2.2539172172546387,-123.66623057013956
2.4863474369049072,-144.12935574789648
2.4863474369049072,-144.12935574789648
2.737954616546631,-163.62237611529994
2.737954616546631,-163.62237611529994
2.737954616546631,-163.62237611529994
3.010427951812744,-168.00337263608233
3.010427951812744,-84.15337263608234
3.010427951812744,-84.15337263608234
3.2909061908721924,-83.11971462459934
3.2909061908721924,-83.11971462459934
3.5279629230499268,-83.82885177461932
3.5279629230499268,-83.82885177461932
3.5279629230499268,-83.82885177461932
3.7791285514831543,-83.54036854835036
3.7791285514831543,-83.54036854835036
4.012854814529419,-84.14866864141334
4.012854814529419,-82.29866864141334
4.012854814529419,-79.20866864141334
4.258297920227051,-75.15617024969603
4.258297920227051,-73.30617024969604
4.51031494140625,-72.21528736516579
4.51031494140625,-70.3652873651658
4.51031494140625,-69.12528736516579
4.759454250335693,-65.10624857784917
4.759454250335693,-61.396248577849164
5.027343273162842,-58.32103492713499
5.027343273162842,-55.24103492713499
5.027343273162842,-52.77103492713499
5.284684658050537,-50.51991619166921
5.284684658050537,-47.42991619166921
5.544378280639648,-44.036627857729556
5.544378280639648,-41.56662785772956
5.544378280639648,-40.33662785772955
5.76617431640625,-39.984432433422995
5.76617431640625,-42.454432433422994
6.027042388916016,-46.47002343635229
6.027042388916016,-50.790023436352286
6.027042388916016,-55.120023436352284
6.2664954662323,-58.90015653306081
6.2664954662323,-63.2201565330608
6.525553941726685,-68.36792257617486
6.525553941726685,-71.45792257617487
6.525553941726685,-76.39792257617486
6.764798641204834,-81.10341470674285
6.764798641204834,-86.04341470674285
7.013298273086548,-90.58510883502328
7.013298273086548,-93.67510883502328
7.013298273086548,-97.99510883502329
7.282268762588501,-101.84062558066786
7.282268762588501,-105.55062558066786
7.53579568862915,-110.65651677006117
7.53579568862915,-114.35651677006118
7.53579568862915,-117.44651677006118
7.76539421081543,-122.0877759352576
7.76539421081543,-123.93777593525759
8.036576509475708,-123.28894848079578
8.036576509475708,-128.2289484807958
8.036576509475708,-133.1689484807958
8.27027940750122,-138.7564845120661
8.27027940750122,-141.2264845120661
8.516018152236938,-143.28111172653155
8.516018152236938,-144.51111172653154
8.767136335372925,-144.66003747606308
8.767136335372925,-145.2800374760631
8.767136335372925,-145.9000374760631
9.025538206100464,-145.00112897353216
9.025538206100464,-139.44112897353216
9.025538206100464,-137.59112897353216
9.28677248954773,-134.7290250524554
9.28677248954773,-131.0290250524554
9.53282356262207,-127.50043246550061
9.53282356262207,-124.4104324655006
9.53282356262207,-123.1804324655006
9.76953673362732,-121.6744566920485
9.76953673362732,-120.44445669204849
10.020944356918335,-119.2693693681199
10.020944356918335,-115.55936936811992
10.020944356918335,-109.99936936811991
10.281638860702515,-106.36146743393795
10.281638860702515,-102.65146743393795
10.527966737747192,-96.33628567315176
10.527966737747192,-92.00628567315177
10.527966737747192,-88.30628567315176
10.776959419250488,-84.66026016259455
10.776959419250488,-81.57026016259456
11.036459922790527,-80.13547645436455
11.036459922790527,-80.13547645436455
11.036459922790527,-80.13547645436455
11.283796548843384,-80.48773392181579
11.283796548843384,-80.48773392181579
11.526544332504272,-80.11491879574159
11.526544332504272,-78.25491879574159
11.526544332504272,-75.78491879574159
11.792944431304932,-75.87797986574083
11.792944431304932,-75.87797986574083
12.026988744735718,-73.67119467436433
12.026988744735718,-69.97119467436433
12.286613702774048,-68.10163138866952
12.286613702774048,-67.49163138866952
12.286613702774048,-69.96163138866952
12.547349452972412,-74.9726310537278
12.547349452972412,-79.2926310537278
12.775146007537842,-82.97495616262077
12.775146007537842,-86.06495616262077
12.775146007537842,-89.76495616262078
13.056743144989014,-92.83899614625962
13.056743144989014,-96.54899614625961
13.056743144989014,-99.62899614625961
13.278914213180542,-102.343268184425
13.278914213180542,-104.19326818442501
13.526002883911133,-106.0578857870176
13.526002883911133,-107.9078857870176
13.777427196502686,-109.67684267715313
13.777427196502686,-110.29684267715312
13.777427196502686,-110.29684267715312
14.0314040184021,-109.9587349898293
14.0314040184021,-109.9587349898293
14.27888798713684,-109.62075848887694
14.27888798713684,-109.62075848887694
14.27888798713684,-109.00075848887695
14.530149936676025,-109.58973435642326
14.530149936676025,-109.58973435642326
14.784715414047241,-109.99820385307478
14.784715414047241,-111.23820385307478
14.784715414047241,-113.70820385307478
15.031328916549683,-117.0329096602297
15.031328916549683,-118.89290966022969
15.279888391494751,-118.81149834505126
15.279888391494751,-118.81149834505126
15.279888391494751,-118.81149834505126
15.528860807418823,-118.65887968775516
15.528860807418823,-118.65887968775516
15.779560804367065,-122.54797758960495
15.779560804367065,-125.01797758960495
15.779560804367065,-125.63797758960496
16.030872106552124,-126.1148062630854
16.030872106552124,-127.34480626308539
16.280843257904053,-127.87667722758269
16.280843257904053,-131.5866772275827
16.280843257904053,-134.05667722758267
16.530608654022217,-133.8741815899948
16.530608654022217,-135.1141815899948
16.781413793563843,-137.6011576829408
16.781413793563843,-139.4511576829408
16.781413793563843,-140.0711576829408
17.035415172576904,-139.53437781214745
17.035415172576904,-133.98437781214744
17.284441709518433,-129.05474208227878
17.284441709518433,-126.58474208227877
17.284441709518433,-124.72474208227877
17.539489030838013,-123.6413012660956
17.539489030838013,-123.0213012660956
17.785686016082764,-121.6122038467345
17.785686016082764,-121.6122038467345
17.785686016082764,-121.6122038467345
18.034598350524902,-122.39218459651397
18.034598350524902,-122.39218459651397
18.286506414413452,-121.10175682411683
18.286506414413452,-120.48175682411683
18.286506414413452,-119.24175682411683
18.53971838951111,-118.1480361341443
18.53971838951111,-115.6780361341443
18.788296461105347,-113.3210227578522
18.788296461105347,-112.08102275785221
18.788296461105347,-112.08102275785221
19.037217617034912,-112.96378141140677
19.037217617034912,-112.96378141140677
19.290785551071167,-112.83626225405835
19.290785551071167,-112.83626225405835
19.290785551071167,-112.21626225405836
19.55198335647583,-112.99114500479877
19.55198335647583,-112.99114500479877
19.79367160797119,-111.72823290281866
19.79367160797119,-111.72823290281866
19.79367160797119,-111.72823290281866
20.03842544555664,-114.17035862611957
20.03842544555664,-114.17035862611957
20.294248819351196,-115.02204276625392
20.294248819351196,-115.02204276625392
20.294248819351196,-115.02204276625392
20.539023876190186,-115.79693976776264
20.539023876190186,-115.79693976776264
20.791696786880493,-117.22257110926148
20.791696786880493,-117.22257110926148
20.791696786880493,-117.22257110926148
21.041698932647705,-118.18523824641572
21.041698932647705,-118.18523824641572
21.29169774055481,-119.90642104707807
21.29169774055481,-119.90642104707807
21.29169774055481,-119.90642104707807
21.541728734970093,-120.80604042333486
21.541728734970093,-120.80604042333486
21.790727138519287,-121.42309954830468
21.790727138519287,-121.42309954830468
21.790727138519287,-121.42309954830468
22.04395294189453,237.23479763742506
67.1476674079895,46.38804927422734
67.1476674079895,46.38804927422734
67.1476674079895,46.38804927422734
67.1476674079895,46.38804927422734
67.1476674079895,46.38804927422734
67.1476674079895,46.38804927422734
67.1476674079895,46.38804927422734
67.1476674079895,46.38804927422734
67.1476674079895,46.38804927422734
67.1476674079895,46.38804927422734
67.1476674079895,46.38804927422734
67.1476674079895,46.38804927422734
67.1476674079895,46.38804927422734
67.1476674079895,46.38804927422734
67.1476674079895,131.47804927422735
67.1476674079895,135.79804927422734
67.1476674079895,135.79804927422734
67.1476674079895,133.94804927422734
67.1476674079895,132.08804927422733
67.1476674079895,132.08804927422733
67.1476674079895,132.70804927422733
67.1476674079895,132.08804927422733
67.1476674079895,132.70804927422733
67.1476674079895,132.70804927422733
67.1476674079895,133.32804927422734
67.1476674079895,133.32804927422734
67.1476674079895,133.32804927422734
67.1476674079895,133.94804927422734
67.1476674079895,133.94804927422734
67.1476674079895,133.94804927422734
67.1476674079895,133.94804927422734
67.1476674079895,133.32804927422734
67.1476674079895,133.32804927422734
67.1476674079895,133.32804927422734
67.1476674079895,133.32804927422734
67.1476674079895,133.32804927422734
67.1476674079895,133.32804927422734
67.1476674079895,133.32804927422734
67.1476674079895,133.32804927422734
67.1476674079895,133.32804927422734
67.1476674079895,133.32804927422734
67.1476674079895,133.32804927422734
67.1476674079895,133.32804927422734
67.1476674079895,133.32804927422734
67.1476674079895,133.32804927422734
67.1476674079895,133.32804927422734
67.1476674079895,133.32804927422734
67.1476674079895,133.32804927422734
67.1476674079895,133.32804927422734
67.1476674079895,133.32804927422734
67.1476674079895,133.32804927422734
67.1476674079895,46.38804927422734
67.1476674079895,46.38804927422734
67.1476674079895,46.38804927422734
67.1476674079895,46.38804927422734
67.1476674079895,46.38804927422734
67.1476674079895,46.38804927422734
67.1476674079895,46.38804927422734
67.1476674079895,46.38804927422734
67.1476674079895,46.38804927422734
67.1476674079895,46.38804927422734
67.1476674079895,46.38804927422734
67.1476674079895,46.38804927422734
67.1476674079895,46.38804927422734
67.1476674079895,46.38804927422734
67.1476674079895,46.38804927422734
67.1476674079895,47.00804927422734
67.1476674079895,-75.61195072577266
67.1476674079895,-75.61195072577266
67.1476674079895,-75.61195072577266
67.1476674079895,-76.23195072577266
67.1476674079895,-76.23195072577266
67.1476674079895,-76.23195072577266
67.1476674079895,-76.84195072577266
67.1476674079895,-76.84195072577266
67.1476674079895,-77.46195072577265
67.1476674079895,-78.08195072577266
67.1476674079895,-78.70195072577266
67.1476674079895,-78.70195072577266
67.1476674079895,-79.31195072577266
67.1476674079895,-79.31195072577266
67.1476674079895,-79.93195072577265
67.1476674079895,-80.55195072577266
67.1476674079895,-80.55195072577266
67.1476674079895,-81.17195072577266
67.1476674079895,-81.78195072577265
67.1476674079895,-82.40195072577265
67.1476674079895,-82.40195072577265
67.1476674079895,-83.02195072577265
67.1476674079895,-83.02195072577265
67.1476674079895,-83.02195072577265
67.1476674079895,-83.64195072577266
67.1476674079895,-83.64195072577266
67.1476674079895,-84.25195072577264
67.1476674079895,-84.25195072577264
67.1476674079895,-84.87195072577265
67.1476674079895,-84.87195072577265
67.1476674079895,-84.87195072577265
67.1476674079895,-84.87195072577265
67.1476674079895,-85.49195072577265
67.1476674079895,-85.49195072577265
67.1476674079895,-85.49195072577265
67.1476674079895,-85.49195072577265
67.1476674079895,-86.11195072577266
67.1476674079895,-86.11195072577266
67.1476674079895,-86.11195072577266
67.1476674079895,-86.11195072577266
67.1476674079895,-86.72195072577267
67.1476674079895,-86.72195072577267
67.1476674079895,-86.72195072577267
67.1476674079895,-87.34195072577265
67.1476674079895,-87.34195072577265
67.1476674079895,-87.34195072577265
67.1476674079895,-87.34195072577265
67.1476674079895,-87.96195072577265
67.1476674079895,-87.96195072577265
67.1476674079895,-87.96195072577265
67.1476674079895,-87.96195072577265
67.1476674079895,-87.96195072577265
67.1476674079895,-87.96195072577265
67.1476674079895,-87.96195072577265
67.1476674079895,-87.96195072577265
67.1476674079895,-87.96195072577265
67.1476674079895,-87.96195072577265
67.1476674079895,-87.96195072577265
67.1476674079895,-87.96195072577265
67.1476674079895,-87.96195072577265
67.1476674079895,-87.96195072577265
67.1476674079895,-88.58195072577266
67.1476674079895,-88.58195072577266
67.1476674079895,-88.58195072577266
67.1476674079895,-88.58195072577266
67.1476674079895,-88.58195072577266
67.1476674079895,-88.58195072577266
67.1476674079895,-88.58195072577266
67.1476674079895,-88.58195072577266
67.1476674079895,-88.58195072577266
67.1476674079895,-89.19195072577267
67.1476674079895,-89.19195072577267
67.1476674079895,-89.19195072577267
67.1476674079895,-89.19195072577267
67.1476674079895,-89.19195072577267
67.1476674079895,-89.19195072577267
67.1476674079895,-89.19195072577267
67.1476674079895,-89.19195072577267
67.1476674079895,-89.19195072577267
67.1476674079895,-89.19195072577267
67.1476674079895,-89.19195072577267
67.1476674079895,-89.19195072577267
67.1476674079895,-89.19195072577267
67.1476674079895,-89.19195072577267
67.1476674079895,-89.81195072577265
67.1476674079895,-89.81195072577265
67.1476674079895,-89.81195072577265
67.1476674079895,-89.81195072577265
67.1476674079895,-89.81195072577265
67.1476674079895,-89.81195072577265
67.1476674079895,-89.81195072577265
67.1476674079895,-89.81195072577265
67.1476674079895,-89.81195072577265
67.1476674079895,-89.81195072577265
67.1476674079895,-89.81195072577265
67.1476674079895,-90.43195072577265
67.1476674079895,-90.43195072577265
67.1476674079895,-90.43195072577265
67.1476674079895,-90.43195072577265
67.1476674079895,-90.43195072577265
67.1476674079895,-90.43195072577265
67.1476674079895,-91.05195072577266
67.1476674079895,-91.05195072577266
67.1476674079895,-91.05195072577266
67.1476674079895,-91.05195072577266
67.1476674079895,-91.05195072577266
67.1476674079895,-91.66195072577267
67.1476674079895,-91.66195072577267
67.1476674079895,-91.66195072577267
67.1476674079895,-91.66195072577267
67.1476674079895,-91.66195072577267
67.1476674079895,-92.28195072577265
67.1476674079895,-92.28195072577265
67.1476674079895,-92.28195072577265
67.1476674079895,-92.90195072577265
67.1476674079895,-92.90195072577265
67.1476674079895,-92.90195072577265
67.1476674079895,-92.90195072577265
67.1476674079895,-92.90195072577265
67.1476674079895,-92.90195072577265
67.1476674079895,-93.52195072577265
67.1476674079895,-93.52195072577265
67.1476674079895,-93.52195072577265
67.1476674079895,-93.52195072577265
67.1476674079895,-94.13195072577267
67.1476674079895,-94.13195072577267
67.1476674079895,-94.13195072577267
67.1476674079895,-94.75195072577264
67.1476674079895,-94.75195072577264
67.1476674079895,-94.75195072577264
67.1476674079895,-94.75195072577264
67.1476674079895,-95.37195072577265
67.1476674079895,-95.37195072577265
67.1476674079895,-95.37195072577265
67.1476674079895,-95.37195072577265
67.1476674079895,-95.37195072577265
67.1476674079895,-95.99195072577265
67.1476674079895,-95.99195072577265
67.1476674079895,-95.99195072577265
67.1476674079895,-95.99195072577265
67.1476674079895,-95.99195072577265
67.1476674079895,-95.99195072577265
67.1476674079895,-95.99195072577265
67.1476674079895,-95.99195072577265
67.1476674079895,-95.99195072577265
67.1476674079895,-95.99195072577265
67.1476674079895,-95.99195072577265
67.1476674079895,-95.99195072577265
67.1476674079895,-95.99195072577265
67.1476674079895,-96.60195072577267
67.1476674079895,-96.60195072577267
67.1476674079895,-96.60195072577267
67.1476674079895,-96.60195072577267
67.1476674079895,-96.60195072577267
67.1476674079895,-96.60195072577267
67.1476674079895,-96.60195072577267
67.1476674079895,-96.60195072577267
67.1476674079895,-96.60195072577267
67.1476674079895,-97.22195072577267
67.1476674079895,-97.22195072577267
67.1476674079895,-97.22195072577267
67.1476674079895,-97.84195072577265
67.1476674079895,-97.84195072577265
67.1476674079895,-97.84195072577265
67.1476674079895,-97.84195072577265
67.1476674079895,-97.84195072577265
67.1476674079895,-98.46195072577265
67.1476674079895,-98.46195072577265
67.1476674079895,-98.46195072577265
67.1476674079895,-98.46195072577265
67.1476674079895,-99.07195072577267
67.1476674079895,-99.07195072577267
67.1476674079895,-99.07195072577267
67.1476674079895,-99.69195072577267
67.1476674079895,-99.69195072577267
67.1476674079895,-99.69195072577267
67.1476674079895,-100.31195072577265
67.1476674079895,-100.31195072577265
67.1476674079895,-100.93195072577265
67.1476674079895,-100.93195072577265
67.1476674079895,-100.93195072577265
67.1476674079895,-100.93195072577265
67.1476674079895,-100.93195072577265
67.1476674079895,-100.93195072577265
67.1476674079895,-101.54195072577267
67.1476674079895,-101.54195072577267
67.1476674079895,-101.54195072577267
67.1476674079895,-101.54195072577267
67.1476674079895,-102.16195072577267
67.1476674079895,-102.16195072577267
67.1476674079895,-102.16195072577267
67.1476674079895,-102.16195072577267
67.1476674079895,-102.16195072577267
67.1476674079895,-102.16195072577267
67.1476674079895,-102.16195072577267
67.1476674079895,-102.16195072577267
67.1476674079895,-102.78195072577265
67.1476674079895,-102.78195072577265
67.1476674079895,-102.78195072577265
67.1476674079895,-102.78195072577265
67.1476674079895,-102.78195072577265
67.1476674079895,-103.40195072577265
67.1476674079895,-103.40195072577265
67.1476674079895,-103.40195072577265
67.1476674079895,-103.40195072577265
67.1476674079895,-103.40195072577265
67.1476674079895,-103.40195072577265
67.1476674079895,-103.40195072577265
67.1476674079895,-104.01195072577266
67.1476674079895,-104.01195072577266
67.1476674079895,-104.01195072577266
67.1476674079895,-104.01195072577266
67.1476674079895,-104.63195072577267
67.1476674079895,-104.63195072577267
67.1476674079895,-104.63195072577267
67.1476674079895,-104.63195072577267
67.1476674079895,-104.63195072577267
67.1476674079895,-104.63195072577267
67.1476674079895,-104.63195072577267
67.1476674079895,-105.25195072577264
67.1476674079895,-105.25195072577264
67.1476674079895,-105.25195072577264
67.1476674079895,-105.25195072577264
67.1476674079895,-106.48195072577266
67.1476674079895,-106.48195072577266
67.1476674079895,-107.10195072577267
67.1476674079895,-107.10195072577267
67.1476674079895,-107.10195072577267
67.1476674079895,-107.10195072577267
67.1476674079895,-107.10195072577267
67.1476674079895,-107.10195072577267
67.1476674079895,-107.10195072577267
67.1476674079895,-107.10195072577267
67.1476674079895,-107.10195072577267
67.1476674079895,-107.10195072577267
67.1476674079895,-107.72195072577267
67.1476674079895,-107.72195072577267
67.1476674079895,-107.72195072577267
67.1476674079895,-107.72195072577267
67.1476674079895,-107.72195072577267
67.1476674079895,-108.34195072577265
67.1476674079895,-108.34195072577265
67.1476674079895,-108.34195072577265
67.1476674079895,-108.34195072577265
67.1476674079895,-108.34195072577265
67.1476674079895,-108.95195072577266
67.1476674079895,-108.95195072577266
67.1476674079895,-108.95195072577266
67.1476674079895,-108.95195072577266
67.1476674079895,-108.95195072577266
67.1476674079895,-109.57195072577267
67.1476674079895,-109.57195072577267
67.1476674079895,-109.57195072577267
67.1476674079895,-110.19195072577267
67.1476674079895,-110.19195072577267
67.1476674079895,-110.19195072577267
67.1476674079895,-110.19195072577267
67.1476674079895,-110.19195072577267
67.1476674079895,-110.19195072577267
67.1476674079895,-110.81195072577265
67.1476674079895,-110.81195072577265
67.1476674079895,-111.42195072577266
67.1476674079895,-111.42195072577266
67.1476674079895,-111.42195072577266
67.1476674079895,-111.42195072577266
67.1476674079895,-111.42195072577266
67.1476674079895,-111.42195072577266
67.1476674079895,-112.04195072577267
67.1476674079895,-112.04195072577267
67.1476674079895,-112.04195072577267
67.1476674079895,-112.04195072577267
67.1476674079895,-112.04195072577267
67.1476674079895,-112.66195072577267
67.1476674079895,-112.66195072577267
67.1476674079895,-112.66195072577267
67.1476674079895,-112.66195072577267
67.1476674079895,-113.28195072577265
67.1476674079895,-113.28195072577265
67.1476674079895,-113.28195072577265
67.1476674079895,-113.28195072577265
67.1476674079895,-113.89195072577266
67.1476674079895,-113.89195072577266
67.1476674079895,-113.89195072577266
67.1476674079895,-114.51195072577266
67.1476674079895,-114.51195072577266
67.1476674079895,-115.13195072577267
67.1476674079895,-115.13195072577267
67.1476674079895,-115.13195072577267
67.1476674079895,-115.75195072577264
67.1476674079895,-115.75195072577264
67.1476674079895,-115.75195072577264
67.1476674079895,-116.36195072577266
67.1476674079895,-116.36195072577266
67.1476674079895,-116.98195072577266
67.1476674079895,-116.98195072577266
67.1476674079895,-116.98195072577266
67.1476674079895,-117.60195072577267
67.1476674079895,-117.60195072577267
67.1476674079895,-117.60195072577267
67.1476674079895,-117.60195072577267
67.1476674079895,-118.22195072577267
67.1476674079895,-118.22195072577267
67.1476674079895,-118.22195072577267
67.1476674079895,-118.22195072577267
67.1476674079895,-118.22195072577267
67.1476674079895,-118.83195072577266
67.1476674079895,-118.83195072577266
67.1476674079895,-118.83195072577266
67.1476674079895,-118.83195072577266
67.1476674079895,-118.83195072577266
67.1476674079895,-118.83195072577266
67.1476674079895,-118.83195072577266
67.1476674079895,-118.83195072577266
67.1476674079895,-118.83195072577266
67.1476674079895,-119.45195072577266
67.1476674079895,-119.45195072577266
67.1476674079895,-119.45195072577266
67.1476674079895,-119.45195072577266
67.1476674079895,-119.45195072577266
67.1476674079895,-119.45195072577266
67.1476674079895,-120.07195072577267
67.1476674079895,-120.07195072577267
67.1476674079895,-120.07195072577267
67.1476674079895,-120.07195072577267
67.1476674079895,-120.69195072577267
67.1476674079895,-120.69195072577267
67.1476674079895,-120.69195072577267
67.1476674079895,-121.30195072577266
67.1476674079895,-121.30195072577266
67.1476674079895,-121.30195072577266
67.1476674079895,-121.92195072577266
67.1476674079895,-121.92195072577266
67.1476674079895,-121.92195072577266
67.1476674079895,-121.92195072577266
67.1476674079895,-121.92195072577266
67.1476674079895,-121.92195072577266
67.1476674079895,-121.92195072577266
67.1476674079895,-121.92195072577266
67.1476674079895,-121.92195072577266
67.1476674079895,-121.92195072577266
67.1476674079895,-121.92195072577266
67.1476674079895,-121.92195072577266
67.1476674079895,-122.54195072577267
67.1476674079895,-122.54195072577267
67.1476674079895,-122.54195072577267
67.1476674079895,-122.54195072577267
67.1476674079895,-122.54195072577267
67.1476674079895,-122.54195072577267
67.1476674079895,-122.54195072577267
67.1476674079895,-122.54195072577267
67.1476674079895,-123.16195072577267
67.1476674079895,-123.77195072577265
67.1476674079895,-123.77195072577265
67.1476674079895,-124.39195072577266
67.1476674079895,-124.39195072577266
67.1476674079895,-125.01195072577266
67.1476674079895,-125.01195072577266
67.1476674079895,-125.01195072577266
67.1476674079895,-125.01195072577266
67.1476674079895,-125.01195072577266
67.1476674079895,-125.63195072577267
67.1476674079895,-125.63195072577267
67.1476674079895,-125.63195072577267
67.1476674079895,-126.24195072577265
67.1476674079895,-126.24195072577265
67.1476674079895,-126.24195072577265
67.1476674079895,-126.24195072577265
67.1476674079895,-126.86195072577266
67.1476674079895,-126.86195072577266
67.1476674079895,-126.86195072577266
67.1476674079895,-127.48195072577266
67.1476674079895,-127.48195072577266
67.1476674079895,-127.48195072577266
67.1476674079895,-127.48195072577266
67.1476674079895,-128.10195072577267
67.1476674079895,-128.10195072577267
67.1476674079895,-128.10195072577267
67.1476674079895,-128.71195072577265
67.1476674079895,-128.71195072577265
67.1476674079895,-128.71195072577265
67.1476674079895,-129.33195072577266
67.1476674079895,-129.95195072577266
67.1476674079895,-129.95195072577266
67.1476674079895,-129.95195072577266
67.1476674079895,-129.95195072577266
67.1476674079895,-129.95195072577266
67.1476674079895,-131.18195072577265
67.1476674079895,-131.18195072577265
67.1476674079895,-131.80195072577266
67.1476674079895,-131.80195072577266
67.1476674079895,-131.80195072577266
67.1476674079895,-131.80195072577266
67.1476674079895,-131.80195072577266
67.1476674079895,-132.42195072577266
67.1476674079895,-133.04195072577267
67.1476674079895,-133.04195072577267
67.1476674079895,226.34804927422735
67.1476674079895,226.34804927422735
67.1476674079895,226.34804927422735
67.1476674079895,225.72804927422735
67.1476674079895,225.72804927422735
67.1476674079895,225.72804927422735
67.1476674079895,225.10804927422734
67.1476674079895,225.10804927422734
67.1476674079895,225.10804927422734
67.1476674079895,225.10804927422734
67.1476674079895,224.48804927422734
67.1476674079895,224.48804927422734
67.1476674079895,224.48804927422734
67.1476674079895,223.87804927422735
67.1476674079895,223.87804927422735
67.1476674079895,223.87804927422735
67.1476674079895,223.87804927422735
67.1476674079895,223.87804927422735
67.1476674079895,223.87804927422735
67.1476674079895,223.87804927422735
67.1476674079895,223.87804927422735
67.1476674079895,223.87804927422735
67.1476674079895,223.25804927422735
67.1476674079895,223.25804927422735
67.1476674079895,223.25804927422735
67.1476674079895,222.63804927422734
67.1476674079895,222.63804927422734
67.1476674079895,222.63804927422734
67.1476674079895,222.01804927422734
67.1476674079895,222.01804927422734
67.1476674079895,220.78804927422735
67.1476674079895,220.16804927422734
67.1476674079895,219.54804927422734
67.1476674079895,218.93804927422735
67.1476674079895,218.31804927422735
67.1476674079895,217.69804927422734
67.1476674079895,217.07804927422734
67.1476674079895,217.07804927422734
67.1476674079895,217.07804927422734
67.1476674079895,217.07804927422734
67.1476674079895,216.46804927422735
67.1476674079895,215.84804927422735
67.1476674079895,215.84804927422735
67.1476674079895,215.84804927422735
67.1476674079895,215.84804927422735
67.1476674079895,215.22804927422735
67.1476674079895,214.60804927422734
67.1476674079895,214.60804927422734
67.1476674079895,213.99804927422736
67.1476674079895,213.37804927422735
67.1476674079895,213.37804927422735
67.1476674079895,212.75804927422735
67.1476674079895,212.13804927422734
67.1476674079895,211.52804927422733
67.1476674079895,211.52804927422733
67.1476674079895,210.90804927422735
67.1476674079895,210.90804927422735
67.1476674079895,210.28804927422735
67.1476674079895,210.28804927422735
67.1476674079895,210.28804927422735
67.1476674079895,209.66804927422734
67.1476674079895,209.05804927422733
67.1476674079895,208.43804927422735
67.1476674079895,208.43804927422735
67.1476674079895,208.43804927422735
67.1476674079895,208.43804927422735
67.1476674079895,207.81804927422735
67.1476674079895,207.81804927422735
67.1476674079895,207.81804927422735
67.1476674079895,207.19804927422734
67.1476674079895,207.19804927422734
67.1476674079895,206.58804927422733
67.1476674079895,205.96804927422735
67.1476674079895,205.96804927422735
67.1476674079895,205.34804927422735
67.1476674079895,204.72804927422735
67.1476674079895,204.72804927422735
67.1476674079895,204.72804927422735
67.1476674079895,204.11804927422733
67.1476674079895,203.49804927422736
67.1476674079895,203.49804927422736
67.1476674079895,202.87804927422735
67.1476674079895,202.87804927422735
67.1476674079895,202.87804927422735
67.1476674079895,202.25804927422735
67.1476674079895,202.25804927422735
67.1476674079895,202.25804927422735
67.1476674079895,202.25804927422735
67.1476674079895,202.25804927422735
67.1476674079895,202.25804927422735
67.1476674079895,202.25804927422735
67.1476674079895,202.25804927422735
67.1476674079895,202.25804927422735
67.1476674079895,201.64804927422733
67.1476674079895,201.64804927422733
67.1476674079895,201.02804927422733
67.1476674079895,200.40804927422735
67.1476674079895,199.78804927422735
67.1476674079895,199.78804927422735
67.1476674079895,199.78804927422735
67.1476674079895,199.17804927422733
67.1476674079895,199.17804927422733
67.1476674079895,199.17804927422733
67.1476674079895,198.55804927422733
67.1476674079895,197.93804927422735
67.1476674079895,197.93804927422735
67.1476674079895,197.31804927422735
67.1476674079895,196.70804927422733
67.1476674079895,196.70804927422733
67.1476674079895,196.08804927422733
67.1476674079895,195.46804927422735
67.1476674079895,195.46804927422735
67.1476674079895,195.46804927422735
67.1476674079895,194.84804927422735
67.1476674079895,194.84804927422735
67.1476674079895,194.84804927422735
67.1476674079895,193.61804927422733
67.1476674079895,193.61804927422733
67.1476674079895,192.99804927422736
67.1476674079895,192.99804927422736
67.1476674079895,192.99804927422736
67.1476674079895,192.37804927422735
67.1476674079895,192.37804927422735
67.1476674079895,192.37804927422735
67.1476674079895,191.76804927422734
67.1476674079895,191.76804927422734
67.1476674079895,191.76804927422734
67.1476674079895,191.14804927422733
67.1476674079895,191.14804927422733
67.1476674079895,191.14804927422733
67.1476674079895,191.14804927422733
67.1476674079895,191.14804927422733
67.1476674079895,190.52804927422733
67.1476674079895,190.52804927422733
67.1476674079895,190.52804927422733
67.1476674079895,190.52804927422733
67.1476674079895,189.90804927422735
67.1476674079895,189.90804927422735
67.1476674079895,189.90804927422735
67.1476674079895,189.90804927422735
67.1476674079895,189.90804927422735
67.1476674079895,189.90804927422735
67.1476674079895,189.29804927422734
67.1476674079895,189.29804927422734
67.1476674079895,188.67804927422733
67.1476674079895,188.67804927422733
67.1476674079895,188.67804927422733
67.1476674079895,188.05804927422733
67.1476674079895,188.05804927422733
67.1476674079895,188.05804927422733
67.1476674079895,187.43804927422735
67.1476674079895,187.43804927422735
67.1476674079895,187.43804927422735
67.1476674079895,187.43804927422735
67.1476674079895,186.82804927422734
67.1476674079895,186.82804927422734
67.1476674079895,186.20804927422733
67.1476674079895,186.20804927422733
67.1476674079895,185.58804927422733
67.1476674079895,184.96804927422735
67.1476674079895,184.96804927422735
67.1476674079895,184.96804927422735
67.1476674079895,184.35804927422734
67.1476674079895,184.35804927422734
67.1476674079895,184.35804927422734
67.1476674079895,183.73804927422734
67.1476674079895,183.73804927422734
67.1476674079895,183.73804927422734
67.1476674079895,183.11804927422733
67.1476674079895,182.49804927422736
67.1476674079895,182.49804927422736
67.1476674079895,182.49804927422736
67.1476674079895,182.49804927422736
67.1476674079895,182.49804927422736
67.1476674079895,182.49804927422736
67.1476674079895,182.49804927422736
67.1476674079895,182.49804927422736
67.1476674079895,182.49804927422736
67.1476674079895,182.49804927422736
67.1476674079895,181.88804927422734
67.1476674079895,181.88804927422734
67.1476674079895,181.88804927422734
67.1476674079895,180.64804927422733
67.1476674079895,179.41804927422734
67.1476674079895,178.79804927422734
67.1476674079895,178.79804927422734
67.1476674079895,178.17804927422733
67.1476674079895,178.17804927422733
67.1476674079895,178.17804927422733
67.1476674079895,177.55804927422733
67.1476674079895,176.94804927422734
67.1476674079895,176.94804927422734
67.1476674079895,176.32804927422734
67.1476674079895,176.32804927422734
67.1476674079895,175.70804927422733
67.1476674079895,175.08804927422733
67.1476674079895,175.08804927422733
67.1476674079895,174.47804927422735
67.1476674079895,174.47804927422735
67.1476674079895,174.47804927422735
67.1476674079895,173.85804927422734
67.1476674079895,173.85804927422734
67.1476674079895,173.85804927422734
67.1476674079895,173.85804927422734
67.1476674079895,173.85804927422734
67.1476674079895,173.23804927422734
67.1476674079895,172.61804927422736
67.1476674079895,172.00804927422735
67.1476674079895,172.00804927422735
67.1476674079895,171.38804927422734
67.1476674079895,171.38804927422734
67.1476674079895,170.76804927422734
67.1476674079895,170.14804927422733
67.1476674079895,169.53804927422735
67.1476674079895,168.91804927422734
67.1476674079895,168.91804927422734
67.1476674079895,168.91804927422734
67.1476674079895,168.91804927422734
67.1476674079895,168.29804927422734
67.1476674079895,167.67804927422736
67.1476674079895,167.67804927422736
67.1476674079895,167.06804927422735
67.1476674079895,166.44804927422734
67.1476674079895,165.82804927422734
67.1476674079895,165.20804927422733
67.1476674079895,164.59804927422732
67.1476674079895,163.35804927422734
67.1476674079895,163.35804927422734
67.1476674079895,162.73804927422734
67.1476674079895,162.73804927422734
67.1476674079895,162.73804927422734
67.1476674079895,162.73804927422734
67.1476674079895,162.73804927422734
67.1476674079895,162.73804927422734
67.1476674079895,162.73804927422734
67.1476674079895,162.73804927422734
67.1476674079895,162.12804927422735
67.1476674079895,162.12804927422735
67.1476674079895,161.50804927422735
67.1476674079895,160.88804927422734
67.1476674079895,160.88804927422734
67.1476674079895,160.88804927422734
67.1476674079895,160.26804927422734
67.1476674079895,159.65804927422732
67.1476674079895,159.03804927422735
67.1476674079895,159.03804927422735
67.1476674079895,159.03804927422735
67.1476674079895,158.41804927422734
67.1476674079895,157.79804927422734
67.1476674079895,157.79804927422734
67.1476674079895,157.79804927422734
67.1476674079895,157.18804927422735
67.1476674079895,157.18804927422735
67.1476674079895,157.18804927422735
67.1476674079895,156.56804927422735
67.1476674079895,156.56804927422735
67.1476674079895,156.56804927422735
67.1476674079895,155.94804927422734
67.1476674079895,155.32804927422734
67.1476674079895,155.32804927422734
67.1476674079895,154.71804927422733
67.1476674079895,154.71804927422733
67.1476674079895,154.09804927422732
67.1476674079895,154.09804927422732
67.1476674079895,153.47804927422735
67.1476674079895,152.85804927422734
67.1476674079895,152.85804927422734
67.1476674079895,152.24804927422736
67.1476674079895,152.24804927422736
67.1476674079895,151.62804927422735
67.1476674079895,151.62804927422735
67.1476674079895,151.00804927422735
67.1476674079895,150.38804927422734
67.1476674079895,150.38804927422734
67.1476674079895,150.38804927422734
67.1476674079895,150.38804927422734
67.1476674079895,149.77804927422733
67.1476674079895,149.77804927422733
67.1476674079895,149.77804927422733
67.1476674079895,149.15804927422732
67.1476674079895,148.53804927422735
67.1476674079895,148.53804927422735
67.1476674079895,148.53804927422735
67.1476674079895,148.53804927422735
67.1476674079895,148.53804927422735
67.1476674079895,148.53804927422735
67.1476674079895,148.53804927422735
67.1476674079895,148.53804927422735
67.1476674079895,147.91804927422734
67.1476674079895,146.68804927422735
67.1476674079895,146.06804927422735
67.1476674079895,146.06804927422735
67.1476674079895,145.44804927422734
67.1476674079895,144.83804927422733
67.1476674079895,144.21804927422733
67.1476674079895,144.21804927422733
67.1476674079895,143.59804927422732
67.1476674079895,142.97804927422735
67.1476674079895,142.36804927422736
67.1476674079895,141.74804927422736
67.1476674079895,141.12804927422735
67.1476674079895,139.89804927422733
67.1476674079895,139.27804927422733
67.1476674079895,139.27804927422733
67.1476674079895,139.27804927422733
67.1476674079895,139.27804927422733
67.1476674079895,139.27804927422733
67.1476674079895,138.65804927422732
67.1476674079895,138.65804927422732
67.1476674079895,138.03804927422735
67.1476674079895,137.42804927422736
67.1476674079895,136.80804927422736
67.1476674079895,136.18804927422735
67.1476674079895,135.56804927422735
67.1476674079895,135.56804927422735
67.1476674079895,134.95804927422733
67.1476674079895,134.95804927422733
67.1476674079895,134.95804927422733
67.1476674079895,134.95804927422733
67.1476674079895,134.95804927422733
67.1476674079895,134.95804927422733
67.1476674079895,134.33804927422733
67.1476674079895,134.33804927422733
67.1476674079895,133.71804927422733
67.1476674079895,133.71804927422733
67.1476674079895,133.71804927422733
67.1476674079895,133.09804927422732
67.1476674079895,133.09804927422732
67.1476674079895,132.48804927422734
67.1476674079895,131.86804927422736
67.1476674079895,131.24804927422736
67.1476674079895,131.24804927422736
67.1476674079895,130.62804927422735
67.1476674079895,130.01804927422734
67.1476674079895,129.39804927422733
67.1476674079895,129.39804927422733
67.1476674079895,128.77804927422733
67.1476674079895,128.15804927422732
67.1476674079895,127.54804927422734
67.1476674079895,127.54804927422734
67.1476674079895,126.92804927422735
67.1476674079895,126.92804927422735
67.1476674079895,126.92804927422735
67.1476674079895,126.92804927422735
67.1476674079895,126.30804927422734
67.1476674079895,126.30804927422734
67.1476674079895,126.30804927422734
67.1476674079895,126.30804927422734
67.1476674079895,126.30804927422734
67.1476674079895,125.68804927422734
67.1476674079895,125.68804927422734
67.1476674079895,125.68804927422734
67.1476674079895,125.68804927422734
67.1476674079895,125.07804927422734
67.1476674079895,125.07804927422734
67.1476674079895,125.07804927422734
67.1476674079895,125.07804927422734
67.1476674079895,125.07804927422734
67.1476674079895,125.07804927422734
67.1476674079895,125.07804927422734
67.1476674079895,124.45804927422733
67.1476674079895,124.45804927422733
67.1476674079895,123.83804927422734
67.1476674079895,123.83804927422734
67.1476674079895,123.21804927422734
67.1476674079895,123.21804927422734
67.1476674079895,123.21804927422734
67.1476674079895,123.21804927422734
67.1476674079895,122.60804927422734
67.1476674079895,121.98804927422734
67.1476674079895,121.36804927422735
67.1476674079895,120.74804927422734
67.1476674079895,120.74804927422734
67.1476674079895,120.13804927422734
67.1476674079895,120.13804927422734
67.1476674079895,120.13804927422734
67.1476674079895,119.51804927422734
67.1476674079895,119.51804927422734
67.1476674079895,118.89804927422735
67.1476674079895,118.89804927422735
67.1476674079895,118.89804927422735
67.1476674079895,118.89804927422735
67.1476674079895,118.27804927422734
67.1476674079895,118.27804927422734
67.1476674079895,118.27804927422734
67.1476674079895,117.66804927422734
67.1476674079895,117.66804927422734
67.1476674079895,117.04804927422734
67.1476674079895,116.42804927422735
67.1476674079895,115.80804927422734
67.1476674079895,115.80804927422734
67.1476674079895,115.19804927422734
67.1476674079895,114.57804927422734
67.1476674079895,113.95804927422733
67.1476674079895,113.95804927422733
67.1476674079895,113.33804927422734
67.1476674079895,112.72804927422735
67.1476674079895,112.10804927422734
67.1476674079895,111.48804927422734
67.1476674079895,111.48804927422734
67.1476674079895,110.86804927422735
67.1476674079895,110.86804927422735
67.1476674079895,110.25804927422735
67.1476674079895,110.25804927422735
67.1476674079895,110.25804927422735
67.1476674079895,109.63804927422734
67.1476674079895,109.01804927422734
67.1476674079895,109.01804927422734
67.1476674079895,109.01804927422734
67.1476674079895,108.39804927422733
67.1476674079895,107.78804927422735
67.1476674079895,107.16804927422734
67.1476674079895,106.54804927422734
67.1476674079895,105.92804927422733
67.1476674079895,105.31804927422735
67.1476674079895,104.69804927422734
67.1476674079895,104.07804927422734
67.1476674079895,103.45804927422733
67.1476674079895,102.84804927422735
67.1476674079895,102.84804927422735
67.1476674079895,102.22804927422735
67.1476674079895,101.60804927422734
67.1476674079895,100.98804927422734
67.1476674079895,99.75804927422735
67.1476674079895,97.90804927422735
67.1476674079895,96.66804927422734
67.1476674079895,96.04804927422734
67.1476674079895,95.43804927422734
67.1476674079895,94.81804927422735
67.1476674079895,93.57804927422734
67.1476674079895,92.96804927422734
67.1476674079895,92.34804927422735
67.1476674079895,91.10804927422734
67.1476674079895,91.10804927422734
67.1476674079895,90.49804927422734
67.1476674079895,89.87804927422735
67.1476674079895,89.25804927422735
67.1476674079895,88.02804927422734
67.1476674079895,87.40804927422735
67.1476674079895,86.78804927422735
67.1476674079895,86.16804927422734
67.1476674079895,85.55804927422734
67.1476674079895,84.93804927422734
67.1476674079895,84.31804927422735
67.1476674079895,83.08804927422734
67.1476674079895,82.46804927422734
67.1476674079895,82.46804927422734
67.1476674079895,81.84804927422735
67.1476674079895,81.22804927422735
67.1476674079895,80.61804927422733
67.1476674079895,79.99804927422734
67.1476674079895,79.99804927422734
67.1476674079895,79.37804927422735
67.1476674079895,79.37804927422735
67.1476674079895,79.37804927422735
67.1476674079895,78.75804927422735
67.1476674079895,78.14804927422735
67.1476674079895,77.52804927422734
67.1476674079895,76.90804927422734
67.1476674079895,76.28804927422735
67.1476674079895,76.28804927422735
67.1476674079895,75.67804927422733
67.1476674079895,75.67804927422733
67.1476674079895,75.05804927422734
67.1476674079895,73.81804927422735
67.1476674079895,72.58804927422734
67.1476674079895,71.96804927422734
67.1476674079895,71.34804927422735
67.1476674079895,70.73804927422734
67.1476674079895,70.11804927422735
67.1476674079895,69.49804927422734
67.1476674079895,68.26804927422734
67.1476674079895,67.64804927422735
67.1476674079895,65.79804927422734
67.1476674079895,65.17804927422733
67.1476674079895,64.55804927422734
67.1476674079895,63.32804927422734
67.1476674079895,63.32804927422734
67.1476674079895,62.088049274227345
67.1476674079895,61.46804927422734
67.1476674079895,60.85804927422734
67.1476674079895,59.618049274227346
67.1476674079895,58.99804927422734
67.1476674079895,58.99804927422734
67.1476674079895,57.768049274227344
67.1476674079895,57.14804927422734
67.1476674079895,56.52804927422734
67.1476674079895,55.29804927422734
67.1476674079895,55.29804927422734
67.1476674079895,54.67804927422734
67.1476674079895,54.05804927422734
67.1476674079895,52.82804927422734
67.1476674079895,52.20804927422734
67.1476674079895,52.20804927422734
67.1476674079895,51.588049274227345
67.1476674079895,50.35804927422734
67.1476674079895,49.73804927422734
67.1476674079895,49.11804927422734
67.1476674079895,48.50804927422734
67.1476674079895,48.50804927422734
67.1476674079895,47.268049274227344
67.1476674079895,46.64804927422734
67.1476674079895,45.41804927422734
67.1476674079895,45.41804927422734
67.1476674079895,44.79804927422734
67.1476674079895,44.79804927422734
67.1476674079895,44.79804927422734
67.1476674079895,43.56804927422734
67.1476674079895,43.56804927422734
67.1476674079895,42.948049274227344
67.1476674079895,42.948049274227344
67.1476674079895,42.948049274227344
67.1476674079895,41.70804927422734
67.1476674079895,41.09804927422734
67.1476674079895,41.09804927422734
67.1476674079895,40.478049274227345
67.1476674079895,40.478049274227345
67.1476674079895,39.85804927422734
67.1476674079895,39.85804927422734
67.1476674079895,39.85804927422734
67.1476674079895,39.85804927422734
67.1476674079895,39.85804927422734
67.1476674079895,39.85804927422734
67.1476674079895,39.85804927422734
67.1476674079895,39.85804927422734
67.1476674079895,39.23804927422734
67.1476674079895,38.628049274227344
67.1476674079895,37.38804927422734
67.1476674079895,36.15804927422734
67.1476674079895,35.53804927422734
67.1476674079895,34.29804927422734
67.1476674079895,33.68804927422734
67.1476674079895,33.06804927422734
67.1476674079895,33.06804927422734
67.1476674079895,32.448049274227344
67.1476674079895,31.82804927422734
67.1476674079895,31.21804927422734
67.1476674079895,30.598049274227343
67.1476674079895,30.598049274227343
67.1476674079895,29.97804927422734
67.1476674079895,29.35804927422734
67.1476674079895,29.35804927422734
67.1476674079895,29.35804927422734
67.1476674079895,28.74804927422734
67.1476674079895,27.508049274227343
67.1476674079895,27.508049274227343
67.1476674079895,27.508049274227343
67.1476674079895,26.278049274227342
67.1476674079895,26.278049274227342
67.1476674079895,25.03804927422734
67.1476674079895,23.808049274227344
67.1476674079895,23.808049274227344
67.1476674079895,23.808049274227344
67.1476674079895,23.808049274227344
67.1476674079895,23.808049274227344
67.1476674079895,23.188049274227343
67.1476674079895,22.56804927422734
67.1476674079895,21.94804927422734
67.1476674079895,21.94804927422734
67.1476674079895,21.33804927422734
67.1476674079895,20.71804927422734
67.1476674079895,20.71804927422734
67.1476674079895,20.098049274227343
67.1476674079895,19.47804927422734
67.1476674079895,19.47804927422734
67.1476674079895,18.868049274227342
67.1476674079895,18.24804927422734
67.1476674079895,18.24804927422734
67.1476674079895,17.008049274227343
67.1476674079895,16.398049274227343
67.1476674079895,15.158049274227341
67.1476674079895,14.53804927422734
67.1476674079895,13.928049274227341
67.1476674079895,13.308049274227344
67.1476674079895,12.688049274227339
67.1476674079895,11.458049274227342
67.1476674079895,10.838049274227345
67.1476674079895,10.21804927422734
67.1476674079895,8.988049274227343
67.1476674079895,7.748049274227341
67.1476674079895,6.518049274227344
67.1476674079895,5.89804927422734
67.1476674079895,4.658049274227345
67.1476674079895,3.428049274227341
67.1476674079895,2.8080492742273435
67.1476674079895,1.5780492742273395
67.1476674079895,0.33804927422734465
67.1476674079895,-0.2819507257726599
67.1476674079895,-0.8919507257726593
67.1476674079895,-1.5119507257726568
67.1476674079895,-2.1319507257726613
67.1476674079895,-3.361950725772658
67.1476674079895,-3.9819507257726556
67.1476674079895,-4.60195072577266
67.1476674079895,-5.221950725772658
67.1476674079895,-5.831950725772657
67.1476674079895,-6.451950725772662
67.1476674079895,-8.301950725772656
67.1476674079895,-8.301950725772656
67.1476674079895,-8.92195072577266
67.1476674079895,-8.92195072577266
67.1476674079895,-10.161950725772655
67.1476674079895,-10.161950725772655
67.1476674079895,-10.771950725772655
67.1476674079895,-10.771950725772655
67.1476674079895,-10.771950725772655
67.1476674079895,-10.771950725772655
67.1476674079895,-10.771950725772655
67.1476674079895,-10.771950725772655
67.1476674079895,-10.771950725772655
67.1476674079895,-10.771950725772655
67.1476674079895,-11.39195072577266
67.1476674079895,-12.011950725772657
67.1476674079895,-12.631950725772661
67.1476674079895,-12.631950725772661
67.1476674079895,-13.861950725772658
67.1476674079895,-13.861950725772658
67.1476674079895,-14.481950725772656
67.1476674079895,-14.481950725772656
67.1476674079895,-15.10195072577266
67.1476674079895,-15.71195072577266
67.1476674079895,-15.71195072577266
67.1476674079895,-15.71195072577266
67.1476674079895,-16.95195072577266
67.1476674079895,-17.57195072577266
67.1476674079895,-18.801950725772656
67.1476674079895,-19.42195072577266
67.1476674079895,-20.041950725772665
67.1476674079895,-20.651950725772664
67.1476674079895,-21.271950725772655
67.1476674079895,-21.89195072577266
67.1476674079895,-22.511950725772664
67.1476674079895,-22.511950725772664
67.1476674079895,-23.121950725772663
67.1476674079895,-23.121950725772663
67.1476674079895,-23.741950725772654
67.1476674079895,-23.741950725772654
67.1476674079895,-23.741950725772654
67.1476674079895,-24.361950725772658
67.1476674079895,-24.361950725772658
67.1476674079895,-24.981950725772663
67.1476674079895,-24.981950725772663
67.1476674079895,-25.591950725772662
67.1476674079895,-25.591950725772662
67.1476674079895,-26.211950725772653
67.1476674079895,-26.831950725772657
67.1476674079895,-27.45195072577266
67.1476674079895,-28.06195072577266
67.1476674079895,-28.68195072577265
67.1476674079895,-29.301950725772656
67.1476674079895,-29.92195072577266
67.1476674079895,-31.151950725772664
67.1476674079895,-31.771950725772655
67.1476674079895,-31.771950725772655
67.1476674079895,-31.771950725772655
67.1476674079895,-31.771950725772655
67.1476674079895,-32.39195072577266
67.1476674079895,-32.39195072577266
67.1476674079895,-32.39195072577266
67.1476674079895,-33.00195072577266
67.1476674079895,-33.00195072577266
67.1476674079895,-33.00195072577266
67.1476674079895,-33.62195072577266
67.1476674079895,-33.62195072577266
67.1476674079895,-33.62195072577266
67.1476674079895,-34.241950725772654
67.1476674079895,-34.241950725772654
67.1476674079895,-34.86195072577266
67.1476674079895,-35.47195072577266
67.1476674079895,-36.09195072577266
67.1476674079895,-36.71195072577265
67.1476674079895,-36.71195072577265
67.1476674079895,-37.33195072577266
67.1476674079895,-37.94195072577266
67.1476674079895,-37.94195072577266
67.1476674079895,-38.56195072577266
67.1476674079895,-38.56195072577266
67.1476674079895,-39.18195072577265
67.1476674079895,-39.801950725772656
67.1476674079895,-40.411950725772655
67.1476674079895,-41.03195072577266
67.1476674079895,-41.03195072577266
67.1476674079895,-41.651950725772664
67.1476674079895,-42.271950725772655
67.1476674079895,-42.881950725772654
67.1476674079895,-44.12195072577266
67.1476674079895,-44.12195072577266
67.1476674079895,-44.12195072577266
67.1476674079895,-44.12195072577266
67.1476674079895,-44.741950725772654
67.1476674079895,-44.741950725772654
67.1476674079895,-44.741950725772654
67.1476674079895,-44.741950725772654
67.1476674079895,-45.35195072577265
67.1476674079895,-45.35195072577265
67.1476674079895,-45.97195072577266
67.1476674079895,-47.21195072577265
67.1476674079895,-48.44195072577266
67.1476674079895,-49.06195072577266
67.1476674079895,-49.06195072577266
67.1476674079895,-49.06195072577266
67.1476674079895,-50.291950725772665
67.1476674079895,-50.911950725772655
67.1476674079895,-50.911950725772655
67.1476674079895,-51.53195072577266
67.1476674079895,-52.761950725772664
67.1476674079895,-53.381950725772654
67.1476674079895,-53.381950725772654
67.1476674079895,-54.00195072577266
67.1476674079895,-54.62195072577266
67.1476674079895,-55.85195072577265
67.1476674079895,-56.47195072577266
67.1476674079895,-57.70195072577266
67.1476674079895,-59.56195072577266
67.1476674079895,-60.791950725772665
67.1476674079895,-62.03195072577266
67.1476674079895,-62.64195072577266
67.1476674079895,-63.881950725772654
67.1476674079895,-64.50195072577266
67.1476674079895,-65.11195072577266
67.1476674079895,-66.35195072577265
67.1476674079895,-67.58195072577266
67.1476674079895,-68.82195072577265
67.1476674079895,-68.82195072577265
67.1476674079895,-69.44195072577266
67.1476674079895,-70.67195072577266
67.1476674079895,-71.29195072577267
67.1476674079895,-71.29195072577267
67.1476674079895,-72.52195072577265
67.1476674079895,-73.76195072577266
67.1476674079895,-74.38195072577265
67.1476674079895,-74.38195072577265
67.1476674079895,-74.99195072577265
67.1476674079895,-75.61195072577266
67.1476674079895,-76.84195072577266
67.1476674079895,-76.84195072577266
67.1476674079895,-77.46195072577265
67.1476674079895,-78.70195072577266
67.1476674079895,-78.70195072577266
67.1476674079895,-79.31195072577266
67.1476674079895,-79.93195072577265
67.1476674079895,-80.55195072577266
67.1476674079895,-81.78195072577265
67.1476674079895,-82.40195072577265
67.1476674079895,-83.02195072577265
67.1476674079895,-83.02195072577265
67.1476674079895,-84.25195072577264
67.1476674079895,-84.87195072577265
67.1476674079895,-85.49195072577265
67.1476674079895,-86.72195072577267
67.1476674079895,-87.96195072577265
67.1476674079895,-88.58195072577266
67.1476674079895,-89.81195072577265
67.1476674079895,-90.43195072577265
67.1476674079895,-91.05195072577266
67.1476674079895,-91.66195072577267
67.1476674079895,-91.66195072577267
67.1476674079895,-92.90195072577265
67.1476674079895,-93.52195072577265
67.1476674079895,-94.13195072577267
67.1476674079895,-94.13195072577267
67.1476674079895,-95.99195072577265
67.1476674079895,-97.22195072577267
67.1476674079895,-97.84195072577265
67.1476674079895,-98.46195072577265
67.1476674079895,-99.69195072577267
67.1476674079895,-100.31195072577265
67.1476674079895,-100.93195072577265
67.1476674079895,-101.54195072577267
67.1476674079895,-102.16195072577267
67.1476674079895,-102.78195072577265
67.1476674079895,-103.40195072577265
67.1476674079895,-104.63195072577267
67.1476674079895,-105.25195072577264
67.1476674079895,-107.10195072577267
67.1476674079895,-108.95195072577266
67.1476674079895,-109.57195072577267
67.1476674079895,-110.19195072577267
67.1476674079895,-110.81195072577265
67.1476674079895,-110.81195072577265
67.1476674079895,-110.81195072577265
67.1476674079895,-112.04195072577267
67.1476674079895,-112.66195072577267
67.1476674079895,-112.66195072577267
67.1476674079895,-114.51195072577266
67.1476674079895,-115.13195072577267
67.1476674079895,-115.13195072577267
67.1476674079895,-115.75195072577264
67.1476674079895,-116.36195072577266
67.1476674079895,-116.98195072577266
67.1476674079895,-117.60195072577267
67.1476674079895,-118.22195072577267
67.1476674079895,-119.45195072577266
67.1476674079895,-120.07195072577267
67.1476674079895,-120.69195072577267
67.1476674079895,-121.30195072577266
67.1476674079895,-121.92195072577266
67.1476674079895,-121.92195072577266
67.1476674079895,-123.16195072577267
67.1476674079895,-123.16195072577267
67.1476674079895,-123.77195072577265
67.1476674079895,-124.39195072577266
67.1476674079895,-124.39195072577266
67.1476674079895,-124.39195072577266
67.1476674079895,-125.01195072577266
67.1476674079895,-125.63195072577267
67.1476674079895,-125.63195072577267
67.1476674079895,-125.63195072577267
67.1476674079895,-126.24195072577265
67.1476674079895,-126.86195072577266
67.1476674079895,-126.86195072577266
67.1476674079895,-127.48195072577266
67.1476674079895,-127.48195072577266
67.1476674079895,-128.10195072577267
67.1476674079895,-128.71195072577265
67.1476674079895,-128.71195072577265
67.1476674079895,-129.33195072577266
67.1476674079895,-129.33195072577266
67.1476674079895,-129.33195072577266
67.1476674079895,-129.33195072577266
67.1476674079895,-129.33195072577266
67.1476674079895,-129.33195072577266
67.1476674079895,-129.95195072577266
67.1476674079895,-130.57195072577267
67.1476674079895,-130.57195072577267
67.1476674079895,-131.18195072577265
67.1476674079895,-131.80195072577266
67.1476674079895,-131.80195072577266
67.1476674079895,-132.42195072577266
67.1476674079895,-132.42195072577266
67.1476674079895,-133.04195072577267
67.1476674079895,225.10804927422734
67.1476674079895,223.87804927422735
67.1476674079895,223.87804927422735
67.1476674079895,223.87804927422735
67.1476674079895,223.25804927422735
67.1476674079895,222.63804927422734
67.1476674079895,222.01804927422734
67.1476674079895,222.01804927422734
67.1476674079895,222.01804927422734
67.1476674079895,221.40804927422735
67.1476674079895,221.40804927422735
67.1476674079895,220.78804927422735
67.1476674079895,220.16804927422734
67.1476674079895,220.16804927422734
67.1476674079895,220.16804927422734
67.1476674079895,220.16804927422734
67.1476674079895,219.54804927422734
67.1476674079895,219.54804927422734
67.1476674079895,219.54804927422734
67.1476674079895,219.54804927422734
67.1476674079895,219.54804927422734
67.1476674079895,219.54804927422734
67.1476674079895,218.93804927422735
67.1476674079895,218.31804927422735
67.1476674079895,217.69804927422734
67.1476674079895,217.69804927422734
67.1476674079895,217.07804927422734
67.1476674079895,217.07804927422734
67.1476674079895,216.46804927422735
67.1476674079895,215.84804927422735
67.1476674079895,214.60804927422734
67.1476674079895,214.60804927422734
67.1476674079895,214.60804927422734
67.1476674079895,213.99804927422736
67.1476674079895,213.37804927422735
67.1476674079895,212.75804927422735
67.1476674079895,212.75804927422735
67.1476674079895,212.75804927422735
67.1476674079895,212.13804927422734
67.1476674079895,212.13804927422734
67.1476674079895,211.52804927422733
67.1476674079895,211.52804927422733
67.1476674079895,210.90804927422735
67.1476674079895,210.90804927422735
67.1476674079895,210.90804927422735
67.1476674079895,210.28804927422735
67.1476674079895,210.28804927422735
67.1476674079895,210.28804927422735
67.1476674079895,209.66804927422734
67.1476674079895,209.66804927422734
67.1476674079895,209.05804927422733
67.1476674079895,209.05804927422733
67.1476674079895,208.43804927422735
67.1476674079895,207.81804927422735
67.1476674079895,207.81804927422735
67.1476674079895,207.19804927422734
67.1476674079895,207.19804927422734
67.1476674079895,206.58804927422733
67.1476674079895,206.58804927422733
67.1476674079895,206.58804927422733
67.1476674079895,205.96804927422735
67.1476674079895,205.34804927422735
67.1476674079895,205.34804927422735
67.1476674079895,204.72804927422735
67.1476674079895,204.72804927422735
67.1476674079895,204.11804927422733
67.1476674079895,204.11804927422733
67.1476674079895,204.11804927422733
67.1476674079895,204.11804927422733
67.1476674079895,203.49804927422736
67.1476674079895,202.87804927422735
67.1476674079895,202.25804927422735
67.1476674079895,202.25804927422735
67.1476674079895,202.25804927422735
67.1476674079895,201.64804927422733
67.1476674079895,201.64804927422733
67.1476674079895,201.02804927422733
67.1476674079895,201.02804927422733
67.1476674079895,201.02804927422733
67.1476674079895,201.02804927422733
67.1476674079895,201.02804927422733
67.1476674079895,201.02804927422733
67.1476674079895,201.64804927422733
67.1476674079895,202.25804927422735
67.1476674079895,202.25804927422735
67.1476674079895,202.25804927422735
67.1476674079895,202.25804927422735
67.1476674079895,202.25804927422735
67.1476674079895,202.25804927422735
67.1476674079895,202.87804927422735
67.1476674079895,202.87804927422735
67.1476674079895,202.87804927422735
67.1476674079895,202.25804927422735
67.1476674079895,201.02804927422733
67.1476674079895,200.40804927422735
67.1476674079895,200.40804927422735
67.1476674079895,199.78804927422735
67.1476674079895,197.93804927422735
67.1476674079895,197.31804927422735
67.1476674079895,196.70804927422733
67.1476674079895,196.70804927422733
67.1476674079895,195.46804927422735
67.1476674079895,192.37804927422735
67.1476674079895,191.76804927422734
67.1476674079895,191.76804927422734
67.1476674079895,191.76804927422734
67.1476674079895,191.76804927422734
67.1476674079895,191.76804927422734
67.1476674079895,191.76804927422734
67.1476674079895,191.76804927422734
67.1476674079895,191.14804927422733
67.1476674079895,191.14804927422733
67.1476674079895,190.52804927422733
67.1476674079895,190.52804927422733
67.1476674079895,189.90804927422735
67.1476674079895,189.29804927422734
67.1476674079895,188.05804927422733
67.1476674079895,187.43804927422735
67.1476674079895,186.82804927422734
67.1476674079895,186.20804927422733
67.1476674079895,186.20804927422733
67.1476674079895,185.58804927422733
67.1476674079895,185.58804927422733
67.1476674079895,183.73804927422734
67.1476674079895,183.73804927422734
67.1476674079895,183.11804927422733
67.1476674079895,182.49804927422736
67.1476674079895,181.88804927422734
67.1476674079895,180.64804927422733
67.1476674079895,180.02804927422733
67.1476674079895,179.41804927422734
67.1476674079895,178.79804927422734
67.1476674079895,178.79804927422734
67.1476674079895,178.17804927422733
67.1476674079895,178.17804927422733
67.1476674079895,178.17804927422733
67.1476674079895,177.55804927422733
67.1476674079895,177.55804927422733
67.1476674079895,176.94804927422734
67.1476674079895,176.32804927422734
67.1476674079895,175.70804927422733
67.1476674079895,175.70804927422733
67.1476674079895,175.70804927422733
67.1476674079895,175.70804927422733
67.1476674079895,175.70804927422733
67.1476674079895,175.70804927422733
67.1476674079895,175.70804927422733
67.1476674079895,175.70804927422733
67.1476674079895,175.70804927422733
67.1476674079895,175.70804927422733
67.1476674079895,175.70804927422733
67.1476674079895,175.70804927422733
67.1476674079895,175.70804927422733
67.1476674079895,175.08804927422733
67.1476674079895,175.08804927422733
67.1476674079895,175.08804927422733
67.1476674079895,175.08804927422733
67.1476674079895,175.08804927422733
67.1476674079895,175.08804927422733
67.1476674079895,174.47804927422735
67.1476674079895,174.47804927422735
67.1476674079895,174.47804927422735
67.1476674079895,174.47804927422735
67.1476674079895,174.47804927422735
67.1476674079895,174.47804927422735
67.1476674079895,174.47804927422735
67.1476674079895,174.47804927422735
67.1476674079895,173.85804927422734
67.1476674079895,173.85804927422734
67.1476674079895,173.85804927422734
67.1476674079895,173.85804927422734
67.1476674079895,173.85804927422734
67.1476674079895,173.85804927422734
67.1476674079895,173.85804927422734
67.1476674079895,173.85804927422734
67.1476674079895,173.23804927422734
67.1476674079895,172.61804927422736
67.1476674079895,172.00804927422735
67.1476674079895,171.38804927422734
67.1476674079895,171.38804927422734
67.1476674079895,171.38804927422734
67.1476674079895,170.76804927422734
67.1476674079895,170.14804927422733
67.1476674079895,169.53804927422735
67.1476674079895,169.53804927422735
67.1476674079895,169.53804927422735
67.1476674079895,169.53804927422735
67.1476674079895,169.53804927422735
67.1476674079895,168.29804927422734
67.1476674079895,167.67804927422736
67.1476674079895,167.67804927422736
67.1476674079895,167.67804927422736
67.1476674079895,167.67804927422736
67.1476674079895,167.06804927422735
67.1476674079895,167.06804927422735
67.1476674079895,167.06804927422735
67.1476674079895,167.06804927422735
67.1476674079895,166.44804927422734
67.1476674079895,166.44804927422734
67.1476674079895,166.44804927422734
67.1476674079895,166.44804927422734
67.1476674079895,165.82804927422734
67.1476674079895,165.82804927422734
67.1476674079895,165.82804927422734
67.1476674079895,163.97804927422735
67.1476674079895,163.35804927422734
67.1476674079895,163.35804927422734
67.1476674079895,163.35804927422734
67.1476674079895,162.73804927422734
67.1476674079895,162.73804927422734
67.1476674079895,162.73804927422734
67.1476674079895,162.12804927422735
67.1476674079895,162.12804927422735
67.1476674079895,161.50804927422735
67.1476674079895,161.50804927422735
67.1476674079895,160.88804927422734
67.1476674079895,160.88804927422734
67.1476674079895,160.88804927422734
67.1476674079895,160.88804927422734
67.1476674079895,160.88804927422734
67.1476674079895,161.50804927422735
67.1476674079895,162.12804927422735
67.1476674079895,163.35804927422734
67.1476674079895,163.97804927422735
67.1476674079895,165.20804927422733
67.1476674079895,166.44804927422734
67.1476674079895,167.67804927422736
67.1476674079895,168.29804927422734
67.1476674079895,169.53804927422735
67.1476674079895,170.14804927422733
67.1476674079895,171.38804927422734
67.1476674079895,173.85804927422734
67.1476674079895,178.17804927422733
67.1476674079895,180.64804927422733
67.1476674079895,182.49804927422736
67.1476674079895,183.11804927422733
67.1476674079895,183.73804927422734
67.1476674079895,184.96804927422735
67.1476674079895,185.58804927422733
67.1476674079895,186.20804927422733
67.1476674079895,187.43804927422735
67.1476674079895,193.61804927422733
67.1476674079895,202.87804927422735
67.1476674079895,208.43804927422735
67.1476674079895,209.05804927422733
67.1476674079895,210.90804927422735
67.1476674079895,213.37804927422735
67.1476674079895,213.99804927422736
67.1476674079895,215.22804927422735
67.1476674079895,218.93804927422735
67.1476674079895,219.54804927422734
67.1476674079895,220.16804927422734
67.1476674079895,222.01804927422734
67.1476674079895,225.72804927422735
67.1476674079895,-130.57195072577267
67.1476674079895,-126.86195072577266
67.1476674079895,-123.77195072577265
67.1476674079895,-121.92195072577266
67.1476674079895,-120.69195072577267
67.1476674079895,-120.07195072577267
67.1476674079895,-120.07195072577267
67.1476674079895,-120.07195072577267
67.1476674079895,-120.07195072577267
67.1476674079895,-120.07195072577267
67.1476674079895,-120.07195072577267
67.1476674079895,-120.07195072577267
67.1476674079895,-120.07195072577267
67.1476674079895,-119.45195072577266
67.1476674079895,-119.45195072577266
67.1476674079895,-118.83195072577266
67.1476674079895,-118.83195072577266
67.1476674079895,-118.83195072577266
67.1476674079895,-118.83195072577266
67.1476674079895,-118.83195072577266
67.1476674079895,-118.22195072577267
67.1476674079895,-117.60195072577267
67.1476674079895,-117.60195072577267
67.1476674079895,-116.98195072577266
67.1476674079895,-116.98195072577266
67.1476674079895,-116.36195072577266
67.1476674079895,-116.36195072577266
67.1476674079895,-116.36195072577266
67.1476674079895,-116.36195072577266
67.1476674079895,-116.36195072577266
67.1476674079895,-115.75195072577264
67.1476674079895,-115.75195072577264
67.1476674079895,-115.75195072577264
67.1476674079895,-115.75195072577264
67.1476674079895,-115.13195072577267
67.1476674079895,-115.13195072577267
67.1476674079895,-115.13195072577267
67.1476674079895,-115.13195072577267
67.1476674079895,-115.13195072577267
67.1476674079895,-114.51195072577266
67.1476674079895,-114.51195072577266
67.1476674079895,-114.51195072577266
67.1476674079895,-114.51195072577266
67.1476674079895,-114.51195072577266
67.1476674079895,-113.89195072577266
67.1476674079895,-113.89195072577266
67.1476674079895,-113.89195072577266
67.1476674079895,-113.89195072577266
67.1476674079895,-113.89195072577266
67.1476674079895,-113.89195072577266
67.1476674079895,-113.89195072577266
67.1476674079895,-113.89195072577266
67.1476674079895,-113.89195072577266
67.1476674079895,-113.89195072577266
67.1476674079895,-113.89195072577266
67.1476674079895,-113.89195072577266
67.1476674079895,-113.89195072577266
67.1476674079895,-113.89195072577266
67.1476674079895,-113.89195072577266
67.1476674079895,-113.89195072577266
67.1476674079895,-113.89195072577266
67.1476674079895,-113.89195072577266
67.1476674079895,-113.89195072577266
67.1476674079895,-113.89195072577266
67.1476674079895,-113.89195072577266
67.1476674079895,-113.89195072577266
67.1476674079895,46.38804927422734
67.1476674079895,46.38804927422734
67.1476674079895,46.38804927422734
67.1476674079895,46.38804927422734
67.1476674079895,46.38804927422734
67.1476674079895,46.38804927422734
67.1476674079895,46.38804927422734
67.1476674079895,46.38804927422734
67.1476674079895,46.38804927422734
67.1476674079895,46.38804927422734
67.1476674079895,46.38804927422734
67.1476674079895,46.38804927422734
67.1476674079895,46.38804927422734
67.1476674079895,46.38804927422734
67.1476674079895,46.38804927422734
67.1476674079895,46.38804927422734
67.1476674079895,46.38804927422734
67.1476674079895,46.38804927422734
67.1476674079895,46.38804927422734
67.1476674079895,46.38804927422734
67.1476674079895,46.38804927422734
67.1476674079895,46.38804927422734
67.1476674079895,46.38804927422734
67.1476674079895,46.38804927422734
67.1476674079895,46.38804927422734
67.1476674079895,46.38804927422734
67.1476674079895,46.38804927422734
67.1476674079895,46.38804927422734
67.1476674079895,46.38804927422734
67.1476674079895,46.38804927422734
67.1476674079895,46.38804927422734
67.1476674079895,46.38804927422734
67.1476674079895,46.38804927422734
67.1476674079895,46.38804927422734
67.1476674079895,46.38804927422734
67.1476674079895,46.38804927422734
67.1476674079895,46.38804927422734
67.1476674079895,46.38804927422734
67.1476674079895,46.38804927422734
67.1476674079895,46.38804927422734
67.1476674079895,46.38804927422734
67.1476674079895,46.38804927422734
67.1476674079895,46.38804927422734
67.1476674079895,46.38804927422734
67.1476674079895,46.38804927422734
67.1476674079895,46.38804927422734
67.1476674079895,46.38804927422734
67.1476674079895,46.38804927422734
67.1476674079895,46.38804927422734
67.1476674079895,46.38804927422734
67.1476674079895,46.38804927422734
67.1476674079895,46.38804927422734
67.1476674079895,46.38804927422734
67.1476674079895,46.38804927422734
67.1476674079895,46.38804927422734
67.1476674079895,46.38804927422734
67.1476674079895,46.38804927422734
67.1476674079895,46.38804927422734
67.1476674079895,46.38804927422734
67.1476674079895,46.38804927422734
67.1476674079895,46.38804927422734
67.1476674079895,46.38804927422734
67.1476674079895,46.38804927422734
67.1476674079895,46.38804927422734
67.1476674079895,215.61804927422733
67.1476674079895,215.61804927422733
67.1476674079895,216.23804927422734
67.1476674079895,217.47804927422735
67.1476674079895,217.47804927422735
67.1476674079895,217.47804927422735
67.1476674079895,218.08804927422733
67.1476674079895,218.70804927422733
67.1476674079895,218.70804927422733
67.1476674079895,219.94804927422734
67.1476674079895,220.55804927422733
67.1476674079895,220.55804927422733
67.1476674079895,221.17804927422733
67.1476674079895,221.79804927422734
67.1476674079895,221.79804927422734
67.1476674079895,222.41804927422734
67.1476674079895,222.41804927422734
67.1476674079895,223.02804927422733
67.1476674079895,223.02804927422733
67.1476674079895,223.64804927422733
67.1476674079895,224.26804927422734
67.1476674079895,224.88804927422734
67.1476674079895,225.49804927422736
67.1476674079895,226.11804927422733
67.1476674079895,226.11804927422733
67.1476674079895,226.11804927422733
67.1476674079895,226.11804927422733
67.1476674079895,226.11804927422733
67.1476674079895,-133.26195072577266
67.1476674079895,-132.64195072577266
67.1476674079895,-132.03195072577265
67.1476674079895,-131.41195072577267
67.1476674079895,-130.79195072577267
67.1476674079895,-129.56195072577265
67.1476674079895,-129.56195072577265
67.1476674079895,-128.94195072577267
67.1476674079895,-128.94195072577267
67.1476674079895,-128.32195072577267
67.1476674079895,-128.32195072577267
67.1476674079895,-127.70195072577266
67.1476674079895,-127.70195072577266
67.1476674079895,-127.70195072577266
67.1476674079895,-127.09195072577265
67.1476674079895,-127.09195072577265
67.1476674079895,-126.47195072577267
67.1476674079895,-125.85195072577267
67.1476674079895,-125.85195072577267
67.1476674079895,-125.23195072577266
67.1476674079895,-125.23195072577266
67.1476674079895,-124.62195072577265
67.1476674079895,-124.00195072577264
67.1476674079895,-124.00195072577264
67.1476674079895,-124.00195072577264
67.1476674079895,-124.00195072577264
67.1476674079895,-124.00195072577264
67.1476674079895,-123.38195072577267
67.1476674079895,-122.76195072577266
67.1476674079895,-122.76195072577266
67.1476674079895,-122.15195072577265
67.1476674079895,-122.15195072577265
67.1476674079895,-121.53195072577265
67.1476674079895,-120.91195072577267
67.1476674079895,-120.91195072577267
67.1476674079895,-120.91195072577267
67.1476674079895,-120.29195072577267
67.1476674079895,-119.68195072577265
67.1476674079895,-119.68195072577265
67.1476674079895,-118.44195072577267
67.1476674079895,-118.44195072577267
67.1476674079895,-118.44195072577267
67.1476674079895,-117.82195072577267
67.1476674079895,-117.21195072577265
67.1476674079895,-117.21195072577265
67.1476674079895,-117.21195072577265
67.1476674079895,-117.21195072577265
67.1476674079895,-116.59195072577265
67.1476674079895,-116.59195072577265
67.1476674079895,-116.59195072577265
67.1476674079895,-116.59195072577265
67.1476674079895,-116.59195072577265
67.1476674079895,-116.59195072577265
67.1476674079895,-115.97195072577267
67.1476674079895,-115.97195072577267
67.1476674079895,-115.97195072577267
67.1476674079895,-115.97195072577267
67.1476674079895,-115.35195072577267
67.1476674079895,-115.35195072577267
67.1476674079895,-114.74195072577265
67.1476674079895,-114.74195072577265
67.1476674079895,-114.12195072577265
67.1476674079895,-113.50195072577264
67.1476674079895,-113.50195072577264
67.1476674079895,-112.88195072577267
67.1476674079895,-112.27195072577265
67.1476674079895,-111.65195072577265
67.1476674079895,-111.03195072577265
67.1476674079895,-110.41195072577267
67.1476674079895,-110.41195072577267
67.1476674079895,-110.41195072577267
67.1476674079895,-110.41195072577267
67.1476674079895,-110.41195072577267
67.1476674079895,-110.41195072577267
67.1476674079895,-110.41195072577267
67.1476674079895,-110.41195072577267
67.1476674079895,-109.80195072577266
67.1476674079895,-110.41195072577267
67.1476674079895,-110.41195072577267
67.1476674079895,-110.41195072577267
67.1476674079895,-110.41195072577267
67.1476674079895,-110.41195072577267
67.1476674079895,-110.41195072577267
67.1476674079895,-110.41195072577267
67.1476674079895,-110.41195072577267
67.1476674079895,-110.41195072577267
67.1476674079895,-110.41195072577267
67.1476674079895,-110.41195072577267
67.1476674079895,-109.80195072577266
67.1476674079895,-109.80195072577266
67.1476674079895,-109.80195072577266
67.1476674079895,-109.80195072577266
67.1476674079895,-109.18195072577265
67.1476674079895,-109.18195072577265
67.1476674079895,-108.56195072577265
67.1476674079895,-108.56195072577265
67.1476674079895,-108.56195072577265
67.1476674079895,-108.56195072577265
67.1476674079895,-107.94195072577267
67.1476674079895,-107.94195072577267
67.1476674079895,-107.94195072577267
67.1476674079895,-107.94195072577267
67.1476674079895,-107.33195072577266
67.1476674079895,-107.33195072577266
67.1476674079895,-107.33195072577266
67.1476674079895,-107.33195072577266
67.1476674079895,-107.33195072577266
67.1476674079895,-107.33195072577266
67.1476674079895,-107.33195072577266
67.1476674079895,-107.33195072577266
67.1476674079895,-107.33195072577266
67.1476674079895,-107.33195072577266
67.1476674079895,-107.33195072577266
67.1476674079895,-107.33195072577266
67.1476674079895,-107.33195072577266
67.1476674079895,-107.33195072577266
67.1476674079895,-107.33195072577266
67.1476674079895,-107.33195072577266
67.1476674079895,-106.71195072577265
67.1476674079895,-106.71195072577265
67.1476674079895,-106.09195072577265
67.1476674079895,-105.47195072577267
67.1476674079895,-105.47195072577267
67.1476674079895,-105.47195072577267
67.1476674079895,-104.86195072577266
67.1476674079895,-104.24195072577265
67.1476674079895,-104.24195072577265
67.1476674079895,-104.24195072577265
67.1476674079895,-104.24195072577265
67.1476674079895,-103.62195072577265
67.1476674079895,-103.00195072577264
67.1476674079895,-103.00195072577264
67.1476674079895,-103.00195072577264
67.1476674079895,-102.39195072577266
67.1476674079895,-102.39195072577266
67.1476674079895,-101.77195072577265
67.1476674079895,-101.77195072577265
67.1476674079895,-101.77195072577265
67.1476674079895,-101.77195072577265
67.1476674079895,-101.77195072577265
67.1476674079895,-101.77195072577265
67.1476674079895,-101.77195072577265
67.1476674079895,-101.15195072577265
67.1476674079895,-101.15195072577265
67.1476674079895,-101.15195072577265
67.1476674079895,-101.15195072577265
67.1476674079895,-100.53195072577265
67.1476674079895,-100.53195072577265
67.1476674079895,-99.92195072577266
67.1476674079895,-99.92195072577266
67.1476674079895,-99.30195072577266
67.1476674079895,-99.30195072577266
67.1476674079895,-99.30195072577266
67.1476674079895,-99.30195072577266
67.1476674079895,-98.68195072577265
67.1476674079895,-98.68195072577265
67.1476674079895,-98.68195072577265
67.1476674079895,-98.68195072577265
67.1476674079895,-98.68195072577265
67.1476674079895,-98.68195072577265
67.1476674079895,-98.06195072577265
67.1476674079895,-98.06195072577265
67.1476674079895,-98.06195072577265
67.1476674079895,-98.06195072577265
67.1476674079895,-98.06195072577265
67.1476674079895,-98.06195072577265
67.1476674079895,-98.06195072577265
67.1476674079895,-98.06195072577265
67.1476674079895,-97.45195072577266
67.1476674079895,-96.83195072577266
67.1476674079895,-96.83195072577266
67.1476674079895,-96.83195072577266
67.1476674079895,-96.83195072577266
67.1476674079895,-96.21195072577265
67.1476674079895,-96.21195072577265
67.1476674079895,-96.21195072577265
67.1476674079895,-95.59195072577265
67.1476674079895,-95.59195072577265
67.1476674079895,-94.98195072577266
67.1476674079895,-94.98195072577266
67.1476674079895,-94.98195072577266
67.1476674079895,-94.36195072577266
67.1476674079895,-94.36195072577266
67.1476674079895,-93.74195072577265
67.1476674079895,-93.74195072577265
67.1476674079895,-93.74195072577265
67.1476674079895,-93.74195072577265
67.1476674079895,-93.74195072577265
67.1476674079895,-93.74195072577265
67.1476674079895,-93.74195072577265
67.1476674079895,-93.74195072577265
67.1476674079895,-93.74195072577265
67.1476674079895,-93.74195072577265
67.1476674079895,-93.12195072577265
67.1476674079895,-93.12195072577265
67.1476674079895,-92.51195072577266
67.1476674079895,-92.51195072577266
67.1476674079895,-91.89195072577266
67.1476674079895,-91.89195072577266
67.1476674079895,-91.89195072577266
67.1476674079895,-91.27195072577265
67.1476674079895,-89.42195072577266
67.1476674079895,-89.42195072577266
67.1476674079895,-88.80195072577266
67.1476674079895,-88.18195072577265
67.1476674079895,-88.18195072577265
67.1476674079895,-87.57195072577267
67.1476674079895,-86.95195072577266
67.1476674079895,-86.95195072577266
67.1476674079895,-86.95195072577266
67.1476674079895,-85.71195072577265
67.1476674079895,-85.71195072577265
67.1476674079895,-85.10195072577267
67.1476674079895,-85.10195072577267
67.1476674079895,-84.48195072577266
67.1476674079895,-84.48195072577266
67.1476674079895,-83.86195072577266
67.1476674079895,-83.86195072577266
67.1476674079895,-83.24195072577265
67.1476674079895,-83.24195072577265
67.1476674079895,-83.24195072577265
67.1476674079895,-82.63195072577267
67.1476674079895,-82.01195072577266
67.1476674079895,-82.01195072577266
67.1476674079895,-81.39195072577266
67.1476674079895,-80.77195072577265
67.1476674079895,-80.16195072577266
67.1476674079895,-79.54195072577267
67.1476674079895,-79.54195072577267
67.1476674079895,-78.30195072577266
67.1476674079895,-78.30195072577266
67.1476674079895,-78.30195072577266
67.1476674079895,-78.30195072577266
67.1476674079895,-78.30195072577266
67.1476674079895,-77.69195072577266
67.1476674079895,-77.07195072577265
67.1476674079895,-77.07195072577265
67.1476674079895,-77.07195072577265
67.1476674079895,-76.45195072577266
67.1476674079895,-76.45195072577266
67.1476674079895,-75.83195072577266
67.1476674079895,-75.22195072577266
67.1476674079895,-75.22195072577266
67.1476674079895,-74.60195072577265
67.1476674079895,-72.75195072577266
67.1476674079895,-72.13195072577265
67.1476674079895,-71.51195072577266
67.1476674079895,-71.51195072577266
67.1476674079895,-71.51195072577266
67.1476674079895,-70.89195072577266
67.1476674079895,-69.66195072577266
67.1476674079895,-69.04195072577267
67.1476674079895,-69.04195072577267
67.1476674079895,-69.04195072577267
67.1476674079895,-69.04195072577267
67.1476674079895,-69.04195072577267
67.1476674079895,-69.04195072577267
67.1476674079895,-69.04195072577267
67.1476674079895,-68.42195072577266
67.1476674079895,-68.42195072577266
67.1476674079895,-67.81195072577266
67.1476674079895,-67.81195072577266
67.1476674079895,-67.19195072577266
67.1476674079895,-67.19195072577266
67.1476674079895,-66.57195072577265
67.1476674079895,-66.57195072577265
67.1476674079895,-66.57195072577265
67.1476674079895,-65.95195072577266
67.1476674079895,-65.95195072577266
67.1476674079895,-65.34195072577266
67.1476674079895,-65.34195072577266
67.1476674079895,-64.72195072577266
67.1476674079895,-63.48195072577266
67.1476674079895,-62.87195072577266
67.1476674079895,-62.87195072577266
67.1476674079895,-62.25195072577266
67.1476674079895,-61.011950725772664
67.1476674079895,-61.011950725772664
67.1476674079895,-61.011950725772664
67.1476674079895,-60.401950725772664
67.1476674079895,-60.401950725772664
67.1476674079895,-59.78195072577266
67.1476674079895,-59.78195072577266
67.1476674079895,-59.78195072577266
67.1476674079895,-59.161950725772655
67.1476674079895,-58.541950725772665
67.1476674079895,-57.93195072577265
67.1476674079895,-57.31195072577266
67.1476674079895,-57.31195072577266
67.1476674079895,-56.69195072577266
67.1476674079895,-56.07195072577265
67.1476674079895,-55.46195072577265
67.1476674079895,-55.46195072577265
67.1476674079895,-55.46195072577265
67.1476674079895,-55.46195072577265
67.1476674079895,-54.84195072577266
67.1476674079895,-54.84195072577266
67.1476674079895,-54.22195072577266
67.1476674079895,-53.60195072577265
67.1476674079895,-53.60195072577265
67.1476674079895,-53.60195072577265
67.1476674079895,-53.60195072577265
67.1476674079895,-52.991950725772654
67.1476674079895,-52.991950725772654
67.1476674079895,-52.991950725772654
67.1476674079895,-52.991950725772654
67.1476674079895,-52.991950725772654
67.1476674079895,-51.75195072577266
67.1476674079895,-51.131950725772654
67.1476674079895,-50.521950725772655
67.1476674079895,-50.521950725772655
67.1476674079895,-50.521950725772655
67.1476674079895,-50.521950725772655
67.1476674079895,-49.901950725772664
67.1476674079895,-49.901950725772664
67.1476674079895,-49.901950725772664
67.1476674079895,-48.051950725772656
67.1476674079895,-46.81195072577266
67.1476674079895,-44.96195072577265
67.1476674079895,-43.72195072577266
67.1476674079895,-43.72195072577266
67.1476674079895,-41.87195072577266
67.1476674079895,-40.64195072577266
67.1476674079895,-38.78195072577266
67.1476674079895,-38.17195072577266
67.1476674079895,-36.31195072577266
67.1476674079895,-33.23195072577266
67.1476674079895,-31.371950725772663
67.1476674079895,-30.14195072577266
67.1476674079895,-30.14195072577266
67.1476674079895,-30.14195072577266
67.1476674079895,-28.901950725772664
67.1476674079895,-27.67195072577266
67.1476674079895,-25.20195072577266
67.1476674079895,-22.731950725772663
67.1476674079895,-20.261950725772664
67.1476674079895,-17.791950725772665
67.1476674079895,-14.081950725772657
67.1476674079895,-11.611950725772658
67.1476674079895,-9.761950725772657
67.1476674079895,-9.14195072577266
67.1476674079895,-7.291950725772658
67.1476674079895,-4.821950725772659
67.1476674079895,-2.35195072577266
67.1476674079895,-1.1219507257726562
67.1476674079895,-1.1219507257726562
67.1476674079895,1.96804927422734
67.1476674079895,5.0580492742273435
67.1476674079895,8.14804927422734
67.1476674079895,10.618049274227339
67.1476674079895,13.088049274227345
67.1476674079895,14.938049274227343
67.1476674079895,18.028049274227342
67.1476674079895,19.258049274227343
67.1476674079895,21.10804927422734
67.1476674079895,22.96804927422734
67.1476674079895,24.19804927422734
67.1476674079895,25.438049274227343
67.1476674079895,26.668049274227343
67.1476674079895,26.668049274227343
67.1476674079895,26.668049274227343
67.1476674079895,26.668049274227343
67.1476674079895,27.28804927422734
67.1476674079895,28.51804927422734
67.1476674079895,30.37804927422734
67.1476674079895,31.60804927422734
67.1476674079895,32.84804927422734
67.1476674079895,34.698049274227344
67.1476674079895,36.54804927422734
67.1476674079895,38.39804927422734
67.1476674079895,39.018049274227344
67.1476674079895,40.25804927422734
67.1476674079895,41.48804927422734
67.1476674079895,44.57804927422734
67.1476674079895,45.80804927422734
67.1476674079895,47.66804927422734
67.1476674079895,48.89804927422734
67.1476674079895,49.518049274227344
67.1476674079895,51.98804927422734
67.1476674079895,55.07804927422734
67.1476674079895,56.30804927422734
67.1476674079895,58.15804927422734
67.1476674079895,60.018049274227344
67.1476674079895,61.868049274227346
67.1476674079895,62.48804927422734
67.1476674079895,63.71804927422734
67.1476674079895,64.95804927422733
67.1476674079895,66.18804927422734
67.1476674079895,66.80804927422734
67.1476674079895,67.42804927422733
67.1476674079895,68.03804927422735
67.1476674079895,66.80804927422734
67.1476674079895,63.71804927422734
67.1476674079895,58.77804927422734
67.1476674079895,55.68804927422734
67.1476674079895,51.368049274227346
67.1476674079895,45.80804927422734
67.1476674079895,40.868049274227346
67.1476674079895,33.45804927422734
67.1476674079895,27.28804927422734
67.1476674079895,24.19804927422734
67.1476674079895,22.348049274227343
67.1476674079895,20.49804927422734
67.1476674079895,19.258049274227343
67.1476674079895,16.78804927422734
67.1476674079895,14.318049274227342
67.1476674079895,12.46804927422734
67.1476674079895,11.848049274227343
67.1476674079895,9.998049274227341
67.1476674079895,8.75804927422734
67.1476674079895,8.75804927422734
67.1476674079895,9.998049274227341
67.1476674079895,8.14804927422734
67.1476674079895,7.528049274227342
67.1476674079895,5.0580492742273435
67.1476674079895,-0.5019507257726588
67.1476674079895,-8.53195072577266
67.1476674079895,-15.321950725772659
67.1476674079895,-17.17195072577266
67.1476674079895,-17.17195072577266
67.1476674079895,-17.17195072577266
67.1476674079895,-17.17195072577266
67.1476674079895,-17.17195072577266
67.1476674079895,-17.17195072577266
67.1476674079895,-17.17195072577266
67.1476674079895,-17.17195072577266
67.1476674079895,-17.17195072577266
67.1476674079895,-17.17195072577266
67.1476674079895,-17.17195072577266
67.1476674079895,-17.17195072577266
67.1476674079895,-17.17195072577266
67.1476674079895,-17.17195072577266
67.1476674079895,-17.17195072577266
67.1476674079895,-17.17195072577266
67.1476674079895,-17.17195072577266
67.1476674079895,-17.17195072577266
